,Bastiglia,Bomporto,Campogalliano,Camposanto,Carpi,Castelfranco E.,Castelnuovo R.,Castelvetro,Cavezzo,Concordia,Fanano,Finale Emilia,Fiorano M.,Fiumalbo,Formigine,Frassinoro,Guiglia,Lama Mocogno,Maranello,Marano,Medolla,Mirandola,Modena,Montefiorino,Montese,Nonantola,Novi,Palagano,Pavullo,Pievepelago,Prignano,Polinago,Ravarino,San Cesario S/P,San Felice S/P,San Possidonio,San Prospero,Sassuolo,Savignano S/P,Serramazzoni,Sestola,Soliera,Spilamberto,Vignola,Zocca,Fuori provincia,TOTALE,Montecreto,Riolunato
2020-09-01,,,,,,,,,,,,,,,,,,,,,,,,,,,,,,,,,,,,,,,,,,,,,,,,,
2020-09-02,,,,,,,,,,,,,,,,,,,,,,,,,,,,,,,,,,,,,,,,,,,,,,,,,
2020-09-03,,,,,,,,,,,,,,,,,,,,,,,,,,,,,,,,,,,,,,,,,,,,,,,,,
2020-09-04,,,,,,,,,,,,,,,,,,,,,,,,,,,,,,,,,,,,,,,,,,,,,,,,,
2020-09-05,,,,,,,,,,,,,,,,,,,,,,,,,,,,,,,,,,,,,,,,,,,,,,,,,
2020-09-06,,,,,,,,,,,,,,,,,,,,,,,,,,,,,,,,,,,,,,,,,,,,,,,,,
2020-09-07,0.0,2.0,5.0,0.0,15.0,8.0,1.0,1.0,1.0,1.0,0.0,2.0,3.0,0.0,12.0,0.0,0.0,0.0,5.0,0.0,0.0,9.0,43.0,0.0,0.0,6.0,0.0,0.0,0.0,0.0,2.0,0.0,0.0,0.0,3.0,1.0,0.0,12.0,2.0,1.0,0.0,2.0,1.0,6.0,0.0,5.0,149.0,0.0,0.0
2020-09-08,0.0,2.0,7.0,0.0,21.0,6.0,3.0,1.0,1.0,0.0,0.0,4.0,2.0,0.0,12.0,0.0,0.0,0.0,4.0,0.0,0.0,10.0,38.0,0.0,0.0,6.0,0.0,0.0,0.0,0.0,2.0,0.0,0.0,0.0,3.0,1.0,0.0,8.0,2.0,0.0,0.0,2.0,2.0,8.0,0.0,4.0,149.0,0.0,0.0
2020-09-09,0.0,2.0,8.0,0.0,20.0,5.0,3.0,1.0,1.0,0.0,0.0,4.0,1.0,0.0,10.0,0.0,0.0,0.0,4.0,0.0,0.0,8.0,34.0,0.0,0.0,6.0,0.0,0.0,0.0,0.0,2.0,0.0,0.0,0.0,3.0,1.0,0.0,2.0,1.0,0.0,0.0,1.0,2.0,6.0,0.0,5.0,130.0,0.0,0.0
2020-09-10,0.0,2.0,9.0,0.0,23.0,5.0,2.0,1.0,1.0,0.0,0.0,3.0,1.0,0.0,8.0,0.0,0.0,0.0,3.0,0.0,0.0,6.0,36.0,0.0,0.0,6.0,0.0,0.0,0.0,0.0,0.0,0.0,0.0,0.0,2.0,1.0,0.0,1.0,2.0,2.0,0.0,1.0,2.0,7.0,0.0,5.0,129.0,0.0,0.0
2020-09-11,0.0,1.0,9.0,1.0,20.0,6.0,2.0,1.0,0.0,0.0,0.0,3.0,1.0,0.0,8.0,0.0,0.0,0.0,7.0,0.0,0.0,8.0,41.0,0.0,0.0,5.0,0.0,0.0,1.0,0.0,0.0,0.0,0.0,0.0,2.0,1.0,0.0,4.0,2.0,2.0,0.0,0.0,2.0,7.0,0.0,4.0,138.0,0.0,0.0
2020-09-12,0.0,1.0,9.0,1.0,23.0,4.0,2.0,1.0,0.0,0.0,0.0,3.0,1.0,0.0,3.0,0.0,0.0,0.0,9.0,0.0,0.0,11.0,40.0,0.0,0.0,4.0,0.0,0.0,1.0,0.0,0.0,0.0,0.0,0.0,0.0,0.0,0.0,5.0,2.0,2.0,0.0,0.0,2.0,6.0,0.0,5.0,135.0,0.0,0.0
2020-09-13,1.0,0.0,9.0,1.0,25.0,4.0,2.0,1.0,0.0,0.0,0.0,3.0,2.0,0.0,2.0,0.0,0.0,0.0,7.0,0.0,0.0,11.0,37.0,0.0,0.0,3.0,0.0,0.0,1.0,0.0,0.0,0.0,0.0,0.0,0.0,0.0,0.0,5.0,2.0,2.0,0.0,0.0,2.0,6.0,0.0,5.0,131.0,0.0,0.0
2020-09-14,1.0,0.0,9.0,1.0,26.0,4.0,2.0,1.0,0.0,0.0,0.0,2.0,1.0,0.0,3.0,0.0,0.0,0.0,8.0,0.0,0.0,9.0,30.0,0.0,0.0,2.0,0.0,0.0,1.0,0.0,0.0,0.0,0.0,0.0,3.0,0.0,0.0,4.0,1.0,2.0,0.0,2.0,4.0,4.0,0.0,5.0,110.0,0.0,0.0
2020-09-15,1.0,0.0,11.0,2.0,23.0,5.0,0.0,1.0,0.0,1.0,0.0,0.0,1.0,0.0,3.0,0.0,0.0,0.0,7.0,0.0,0.0,8.0,35.0,0.0,0.0,2.0,2.0,0.0,1.0,0.0,0.0,0.0,0.0,0.0,3.0,0.0,0.0,4.0,1.0,2.0,0.0,3.0,3.0,2.0,0.0,19.0,88.0,0.0,0.0
2020-09-16,2.0,0.0,14.0,2.0,22.0,6.0,0.0,1.0,0.0,1.0,0.0,0.0,2.0,0.0,3.0,0.0,0.0,0.0,7.0,0.0,0.0,9.0,33.0,0.0,0.0,3.0,2.0,0.0,1.0,0.0,0.0,0.0,0.0,0.0,3.0,0.0,0.0,4.0,1.0,2.0,0.0,3.0,3.0,2.0,0.0,18.0,79.0,0.0,0.0
2020-09-17,2.0,0.0,13.0,2.0,15.0,16.0,0.0,3.0,0.0,1.0,0.0,0.0,2.0,0.0,2.0,0.0,0.0,0.0,8.0,0.0,1.0,8.0,29.0,0.0,0.0,2.0,2.0,0.0,1.0,0.0,0.0,0.0,0.0,0.0,3.0,0.0,0.0,6.0,0.0,0.0,0.0,3.0,3.0,2.0,0.0,17.0,76.0,0.0,0.0
2020-09-18,2.0,0.0,14.0,1.0,18.0,16.0,0.0,2.0,0.0,1.0,0.0,0.0,2.0,0.0,1.0,0.0,0.0,0.0,4.0,0.0,1.0,7.0,25.0,0.0,0.0,2.0,2.0,1.0,0.0,0.0,0.0,0.0,0.0,0.0,3.0,0.0,0.0,3.0,0.0,0.0,0.0,3.0,4.0,2.0,0.0,19.0,68.0,0.0,0.0
2020-09-19,2.0,0.0,16.0,1.0,17.0,22.0,0.0,2.0,0.0,1.0,0.0,0.0,2.0,0.0,1.0,0.0,0.0,0.0,2.0,0.0,1.0,3.0,26.0,0.0,0.0,2.0,2.0,1.0,0.0,0.0,0.0,0.0,0.0,0.0,3.0,0.0,0.0,6.0,0.0,0.0,0.0,3.0,3.0,2.0,0.0,21.0,74.0,0.0,0.0
2020-09-20,1.0,0.0,12.0,1.0,15.0,26.0,0.0,2.0,0.0,1.0,0.0,0.0,1.0,0.0,1.0,0.0,0.0,0.0,3.0,0.0,1.0,2.0,31.0,0.0,0.0,3.0,2.0,1.0,0.0,0.0,0.0,0.0,0.0,0.0,3.0,0.0,0.0,7.0,0.0,0.0,0.0,3.0,3.0,3.0,0.0,21.0,61.0,0.0,0.0
2020-09-21,1.0,0.0,12.0,1.0,17.0,28.0,1.0,2.0,0.0,1.0,0.0,0.0,1.0,0.0,1.0,0.0,0.0,0.0,2.0,0.0,1.0,2.0,34.0,0.0,0.0,3.0,7.0,1.0,0.0,0.0,0.0,0.0,0.0,0.0,1.0,0.0,0.0,10.0,0.0,0.0,0.0,1.0,1.0,2.0,0.0,21.0,61.0,0.0,0.0
2020-09-22,1.0,0.0,8.0,0.0,13.0,27.0,1.0,2.0,0.0,0.0,0.0,0.0,1.0,0.0,1.0,0.0,0.0,0.0,2.0,0.0,1.0,2.0,27.0,0.0,0.0,3.0,5.0,1.0,0.0,0.0,0.0,0.0,0.0,0.0,1.0,0.0,0.0,10.0,0.0,0.0,0.0,0.0,1.0,2.0,0.0,6.0,62.0,0.0,0.0
2020-09-23,0.0,0.0,4.0,0.0,12.0,29.0,1.0,2.0,0.0,0.0,0.0,0.0,0.0,0.0,1.0,0.0,0.0,0.0,2.0,0.0,1.0,1.0,29.0,0.0,0.0,2.0,5.0,1.0,0.0,0.0,0.0,0.0,0.0,0.0,1.0,0.0,0.0,10.0,0.0,0.0,0.0,1.0,1.0,2.0,0.0,6.0,62.0,0.0,0.0
2020-09-24,0.0,0.0,4.0,0.0,14.0,18.0,1.0,1.0,0.0,0.0,0.0,0.0,0.0,0.0,1.0,0.0,0.0,0.0,1.0,0.0,0.0,1.0,34.0,0.0,0.0,2.0,5.0,1.0,0.0,0.0,0.0,0.0,0.0,0.0,1.0,0.0,0.0,9.0,0.0,0.0,0.0,1.0,2.0,1.0,0.0,6.0,54.0,0.0,0.0
2020-09-25,0.0,1.0,2.0,0.0,14.0,18.0,1.0,1.0,0.0,0.0,0.0,0.0,0.0,0.0,1.0,0.0,0.0,0.0,1.0,0.0,0.0,0.0,32.0,0.0,0.0,3.0,5.0,0.0,0.0,0.0,0.0,0.0,0.0,0.0,1.0,0.0,0.0,9.0,0.0,0.0,0.0,2.0,1.0,1.0,0.0,3.0,47.0,0.0,0.0
2020-09-26,0.0,1.0,0.0,0.0,17.0,14.0,1.0,1.0,0.0,0.0,0.0,0.0,0.0,0.0,2.0,0.0,0.0,0.0,1.0,0.0,0.0,0.0,29.0,0.0,0.0,3.0,5.0,0.0,0.0,0.0,0.0,0.0,0.0,0.0,1.0,0.0,0.0,11.0,0.0,0.0,0.0,3.0,1.0,1.0,0.0,0.0,23.0,0.0,0.0
2020-09-27,0.0,1.0,0.0,0.0,18.0,10.0,1.0,1.0,0.0,0.0,0.0,0.0,0.0,0.0,2.0,0.0,0.0,0.0,0.0,0.0,0.0,0.0,26.0,0.0,0.0,1.0,5.0,0.0,0.0,0.0,0.0,0.0,0.0,0.0,1.0,0.0,0.0,11.0,0.0,1.0,0.0,3.0,1.0,0.0,0.0,0.0,31.0,0.0,0.0
2020-09-28,0.0,1.0,0.0,2.0,17.0,7.0,0.0,1.0,0.0,0.0,0.0,0.0,0.0,0.0,1.0,0.0,0.0,0.0,0.0,0.0,0.0,0.0,21.0,0.0,0.0,1.0,0.0,0.0,0.0,0.0,0.0,0.0,0.0,0.0,0.0,0.0,0.0,11.0,0.0,1.0,0.0,3.0,1.0,0.0,0.0,0.0,39.0,0.0,0.0
2020-09-29,0.0,1.0,1.0,2.0,19.0,9.0,0.0,1.0,0.0,0.0,0.0,0.0,0.0,0.0,2.0,0.0,0.0,0.0,0.0,2.0,0.0,0.0,25.0,0.0,0.0,1.0,0.0,0.0,0.0,0.0,0.0,0.0,0.0,0.0,0.0,0.0,0.0,12.0,0.0,1.0,0.0,3.0,1.0,0.0,0.0,0.0,52.0,0.0,0.0
2020-09-30,0.0,2.0,1.0,2.0,18.0,8.0,0.0,1.0,0.0,0.0,0.0,0.0,0.0,0.0,2.0,0.0,0.0,0.0,0.0,2.0,0.0,0.0,26.0,0.0,0.0,1.0,0.0,0.0,0.0,0.0,0.0,0.0,0.0,0.0,0.0,0.0,0.0,13.0,0.0,1.0,0.0,2.0,1.0,0.0,0.0,1.0,62.0,0.0,0.0
2020-10-01,0.0,2.0,1.0,3.0,15.0,9.0,0.0,0.0,0.0,0.0,0.0,0.0,0.0,0.0,2.0,0.0,0.0,0.0,0.0,2.0,0.0,0.0,25.0,0.0,0.0,1.0,0.0,0.0,0.0,0.0,0.0,0.0,0.0,2.0,1.0,0.0,1.0,16.0,0.0,1.0,0.0,2.0,0.0,0.0,0.0,1.0,65.0,0.0,0.0
2020-10-02,0.0,2.0,1.0,4.0,13.0,9.0,0.0,1.0,0.0,0.0,0.0,0.0,1.0,0.0,4.0,0.0,0.0,0.0,1.0,2.0,0.0,0.0,33.0,0.0,0.0,0.0,0.0,0.0,0.0,0.0,0.0,0.0,0.0,2.0,1.0,0.0,1.0,24.0,0.0,1.0,0.0,1.0,0.0,0.0,0.0,3.0,85.0,0.0,0.0
2020-10-03,0.0,2.0,1.0,4.0,8.0,7.0,0.0,1.0,0.0,0.0,0.0,0.0,1.0,0.0,4.0,0.0,0.0,0.0,3.0,2.0,1.0,4.0,41.0,1.0,0.0,0.0,1.0,0.0,0.0,3.0,0.0,0.0,0.0,2.0,1.0,0.0,1.0,20.0,0.0,1.0,0.0,1.0,0.0,0.0,0.0,4.0,85.0,0.0,0.0
2020-10-04,0.0,2.0,2.0,4.0,7.0,6.0,0.0,1.0,0.0,0.0,0.0,0.0,1.0,0.0,4.0,0.0,0.0,0.0,3.0,2.0,1.0,4.0,45.0,1.0,0.0,0.0,1.0,0.0,0.0,3.0,0.0,0.0,0.0,2.0,1.0,0.0,1.0,21.0,0.0,0.0,0.0,1.0,0.0,0.0,0.0,4.0,77.0,0.0,0.0
2020-10-05,0.0,2.0,2.0,2.0,7.0,7.0,0.0,1.0,0.0,0.0,0.0,0.0,1.0,0.0,5.0,0.0,0.0,0.0,6.0,2.0,1.0,7.0,54.0,1.0,0.0,0.0,1.0,0.0,1.0,3.0,0.0,0.0,0.0,2.0,1.0,0.0,1.0,20.0,0.0,1.0,0.0,1.0,1.0,0.0,0.0,4.0,94.0,0.0,0.0
2020-10-06,0.0,2.0,1.0,2.0,5.0,5.0,0.0,1.0,0.0,0.0,0.0,0.0,1.0,0.0,6.0,0.0,0.0,0.0,6.0,0.0,1.0,7.0,55.0,1.0,0.0,0.0,1.0,0.0,2.0,3.0,0.0,0.0,0.0,2.0,1.0,0.0,1.0,22.0,0.0,1.0,0.0,1.0,1.0,0.0,0.0,6.0,80.0,0.0,0.0
2020-10-07,0.0,1.0,1.0,2.0,5.0,4.0,0.0,1.0,0.0,0.0,0.0,1.0,1.0,0.0,7.0,0.0,0.0,0.0,6.0,0.0,1.0,10.0,64.0,1.0,1.0,0.0,1.0,0.0,2.0,4.0,0.0,0.0,0.0,2.0,1.0,0.0,1.0,21.0,0.0,1.0,0.0,1.0,1.0,0.0,0.0,6.0,70.0,0.0,0.0
2020-10-08,0.0,1.0,1.0,1.0,8.0,4.0,0.0,1.0,0.0,1.0,0.0,1.0,1.0,0.0,7.0,0.0,0.0,0.0,7.0,0.0,1.0,10.0,72.0,1.0,1.0,1.0,2.0,0.0,2.0,4.0,0.0,0.0,0.0,0.0,0.0,0.0,0.0,20.0,0.0,1.0,0.0,1.0,2.0,0.0,0.0,7.0,81.0,0.0,0.0
2020-10-09,0.0,0.0,1.0,0.0,8.0,4.0,0.0,1.0,0.0,1.0,0.0,1.0,1.0,0.0,7.0,0.0,0.0,0.0,6.0,1.0,1.0,14.0,84.0,1.0,5.0,1.0,2.0,0.0,5.0,5.0,0.0,0.0,0.0,0.0,0.0,0.0,0.0,20.0,0.0,2.0,1.0,1.0,2.0,0.0,0.0,7.0,103.0,0.0,0.0
2020-10-10,0.0,1.0,1.0,0.0,11.0,7.0,0.0,1.0,0.0,1.0,0.0,2.0,1.0,0.0,9.0,0.0,0.0,0.0,4.0,1.0,0.0,11.0,93.0,0.0,5.0,3.0,1.0,0.0,5.0,4.0,0.0,0.0,0.0,2.0,1.0,0.0,0.0,27.0,0.0,2.0,1.0,0.0,2.0,0.0,0.0,10.0,156.0,0.0,0.0
2020-10-11,0.0,1.0,1.0,0.0,14.0,11.0,0.0,1.0,0.0,2.0,0.0,2.0,1.0,0.0,11.0,0.0,0.0,0.0,4.0,1.0,0.0,11.0,118.0,0.0,5.0,7.0,1.0,0.0,6.0,5.0,0.0,0.0,0.0,2.0,1.0,0.0,0.0,27.0,0.0,2.0,1.0,0.0,2.0,1.0,0.0,11.0,156.0,0.0,0.0
2020-10-12,0.0,3.0,1.0,0.0,15.0,13.0,1.0,3.0,0.0,2.0,0.0,4.0,2.0,0.0,10.0,0.0,0.0,0.0,2.0,1.0,0.0,8.0,140.0,0.0,5.0,7.0,1.0,0.0,6.0,5.0,0.0,0.0,0.0,2.0,1.0,0.0,1.0,30.0,0.0,1.0,1.0,1.0,1.0,1.0,0.0,12.0,187.0,0.0,0.0
2020-10-13,1.0,3.0,2.0,0.0,16.0,13.0,1.0,4.0,0.0,2.0,0.0,4.0,3.0,0.0,8.0,1.0,0.0,0.0,3.0,1.0,0.0,9.0,170.0,0.0,5.0,7.0,1.0,0.0,5.0,5.0,0.0,0.0,0.0,3.0,1.0,0.0,1.0,38.0,0.0,1.0,1.0,1.0,1.0,2.0,0.0,14.0,248.0,0.0,0.0
2020-10-14,1.0,4.0,2.0,0.0,18.0,17.0,1.0,5.0,0.0,2.0,1.0,6.0,5.0,0.0,12.0,1.0,0.0,0.0,3.0,3.0,0.0,7.0,169.0,0.0,4.0,7.0,1.0,0.0,6.0,4.0,0.0,0.0,0.0,3.0,1.0,0.0,1.0,42.0,0.0,1.0,1.0,2.0,2.0,3.0,2.0,16.0,248.0,0.0,0.0
2020-10-15,2.0,4.0,3.0,0.0,16.0,17.0,1.0,5.0,0.0,1.0,1.0,9.0,6.0,0.0,12.0,1.0,0.0,0.0,2.0,3.0,0.0,7.0,198.0,1.0,4.0,7.0,0.0,0.0,8.0,4.0,0.0,0.0,0.0,3.0,2.0,0.0,2.0,41.0,0.0,2.0,1.0,2.0,3.0,3.0,2.0,17.0,285.0,0.0,0.0
2020-10-16,2.0,6.0,3.0,0.0,16.0,19.0,1.0,5.0,0.0,1.0,1.0,11.0,6.0,0.0,13.0,1.0,0.0,0.0,2.0,2.0,0.0,5.0,204.0,1.0,0.0,9.0,0.0,0.0,5.0,3.0,0.0,0.0,0.0,4.0,2.0,0.0,2.0,43.0,0.0,1.0,0.0,3.0,3.0,3.0,2.0,15.0,291.0,0.0,0.0
2020-10-17,2.0,5.0,3.0,0.0,28.0,18.0,1.0,5.0,0.0,1.0,1.0,11.0,6.0,0.0,12.0,1.0,0.0,0.0,5.0,2.0,0.0,5.0,221.0,1.0,0.0,9.0,0.0,0.0,5.0,1.0,0.0,0.0,0.0,3.0,1.0,0.0,5.0,42.0,0.0,1.0,0.0,5.0,3.0,3.0,3.0,13.0,319.0,0.0,0.0
2020-10-18,4.0,5.0,2.0,0.0,31.0,17.0,3.0,5.0,0.0,2.0,1.0,11.0,6.0,0.0,15.0,1.0,0.0,0.0,7.0,2.0,0.0,7.0,206.0,1.0,0.0,9.0,0.0,0.0,5.0,0.0,0.0,0.0,0.0,5.0,1.0,0.0,5.0,45.0,1.0,1.0,0.0,5.0,3.0,4.0,3.0,14.0,378.0,0.0,0.0
2020-10-19,5.0,4.0,2.0,0.0,37.0,19.0,6.0,3.0,0.0,3.0,1.0,10.0,5.0,0.0,16.0,2.0,0.0,0.0,6.0,2.0,1.0,7.0,205.0,1.0,0.0,11.0,1.0,0.0,9.0,0.0,1.0,0.0,0.0,6.0,1.0,0.0,4.0,46.0,1.0,2.0,0.0,4.0,4.0,6.0,3.0,21.0,406.0,0.0,0.0
2020-10-20,4.0,5.0,2.0,0.0,38.0,28.0,7.0,2.0,2.0,3.0,1.0,12.0,7.0,0.0,18.0,1.0,0.0,0.0,7.0,3.0,2.0,6.0,206.0,1.0,0.0,12.0,1.0,0.0,10.0,0.0,1.0,0.0,3.0,6.0,4.0,0.0,4.0,42.0,2.0,3.0,0.0,5.0,7.0,11.0,3.0,25.0,445.0,0.0,0.0
2020-10-21,5.0,6.0,2.0,0.0,44.0,29.0,7.0,3.0,2.0,4.0,0.0,10.0,6.0,0.0,17.0,1.0,0.0,0.0,7.0,3.0,2.0,5.0,224.0,1.0,0.0,12.0,1.0,0.0,9.0,0.0,1.0,0.0,5.0,6.0,4.0,0.0,8.0,43.0,2.0,3.0,0.0,4.0,6.0,10.0,5.0,27.0,524.0,0.0,0.0
2020-10-22,4.0,6.0,4.0,0.0,48.0,28.0,7.0,3.0,3.0,5.0,0.0,13.0,8.0,0.0,22.0,1.0,2.0,0.0,7.0,4.0,3.0,7.0,216.0,0.0,0.0,11.0,2.0,0.0,11.0,0.0,1.0,0.0,5.0,8.0,5.0,0.0,8.0,44.0,3.0,2.0,0.0,5.0,4.0,10.0,5.0,30.0,545.0,0.0,0.0
2020-10-23,4.0,4.0,5.0,0.0,52.0,26.0,7.0,2.0,3.0,5.0,0.0,13.0,7.0,0.0,19.0,1.0,18.0,1.0,9.0,4.0,4.0,6.0,215.0,0.0,0.0,12.0,3.0,1.0,13.0,0.0,1.0,0.0,5.0,7.0,7.0,0.0,13.0,38.0,4.0,3.0,0.0,6.0,4.0,15.0,5.0,34.0,576.0,0.0,0.0
2020-10-24,4.0,5.0,7.0,0.0,45.0,26.0,7.0,3.0,3.0,8.0,0.0,13.0,8.0,0.0,20.0,1.0,20.0,2.0,8.0,6.0,6.0,8.0,226.0,0.0,0.0,13.0,4.0,1.0,18.0,0.0,1.0,0.0,6.0,6.0,7.0,0.0,21.0,34.0,6.0,4.0,0.0,8.0,6.0,17.0,4.0,36.0,618.0,0.0,0.0
2020-10-25,3.0,9.0,8.0,1.0,43.0,34.0,10.0,4.0,8.0,8.0,0.0,23.0,9.0,0.0,31.0,1.0,21.0,2.0,9.0,6.0,9.0,8.0,244.0,0.0,0.0,12.0,4.0,2.0,17.0,0.0,1.0,0.0,6.0,5.0,9.0,0.0,24.0,38.0,7.0,4.0,0.0,9.0,8.0,20.0,4.0,38.0,699.0,0.0,0.0
2020-10-26,2.0,11.0,11.0,1.0,47.0,39.0,7.0,5.0,8.0,7.0,0.0,25.0,12.0,0.0,40.0,0.0,23.0,2.0,13.0,6.0,8.0,10.0,275.0,0.0,0.0,15.0,4.0,2.0,13.0,0.0,1.0,0.0,9.0,4.0,10.0,0.0,24.0,40.0,10.0,3.0,0.0,10.0,8.0,22.0,5.0,34.0,766.0,0.0,0.0
2020-10-27,2.0,12.0,11.0,3.0,59.0,43.0,18.0,16.0,9.0,9.0,0.0,24.0,12.0,0.0,47.0,0.0,25.0,2.0,15.0,14.0,7.0,18.0,337.0,0.0,0.0,24.0,6.0,2.0,18.0,1.0,2.0,0.0,10.0,7.0,7.0,0.0,25.0,43.0,20.0,2.0,0.0,11.0,17.0,35.0,6.0,40.0,959.0,0.0,0.0
2020-10-28,2.0,14.0,14.0,3.0,73.0,43.0,23.0,16.0,13.0,12.0,0.0,25.0,12.0,0.0,52.0,0.0,28.0,2.0,18.0,13.0,7.0,22.0,427.0,0.0,0.0,31.0,11.0,2.0,30.0,2.0,3.0,1.0,9.0,9.0,9.0,0.0,23.0,54.0,21.0,7.0,1.0,15.0,21.0,41.0,2.0,49.0,1160.0,0.0,0.0
2020-10-29,3.0,21.0,15.0,6.0,88.0,52.0,25.0,19.0,18.0,15.0,3.0,22.0,13.0,0.0,60.0,0.0,27.0,2.0,21.0,12.0,8.0,27.0,511.0,1.0,0.0,35.0,11.0,2.0,31.0,2.0,3.0,1.0,10.0,15.0,12.0,1.0,27.0,60.0,21.0,10.0,1.0,18.0,22.0,43.0,2.0,63.0,1359.0,0.0,0.0
2020-10-30,5.0,22.0,16.0,6.0,151.0,60.0,33.0,21.0,19.0,16.0,3.0,24.0,22.0,0.0,81.0,2.0,12.0,2.0,32.0,13.0,9.0,29.0,585.0,1.0,1.0,36.0,17.0,1.0,40.0,2.0,4.0,1.0,16.0,17.0,13.0,1.0,25.0,83.0,20.0,10.0,1.0,19.0,28.0,48.0,2.0,86.0,1635.0,0.0,0.0
2020-10-31,6.0,24.0,17.0,9.0,178.0,65.0,41.0,23.0,20.0,15.0,3.0,24.0,23.0,0.0,87.0,2.0,11.0,2.0,34.0,18.0,9.0,34.0,633.0,1.0,3.0,41.0,24.0,1.0,40.0,5.0,6.0,1.0,19.0,22.0,15.0,4.0,16.0,100.0,26.0,11.0,2.0,18.0,34.0,61.0,2.0,103.0,1834.0,0.0,1.0
2020-11-01,6.0,23.0,23.0,8.0,213.0,58.0,41.0,23.0,24.0,13.0,3.0,25.0,26.0,0.0,79.0,4.0,10.0,2.0,37.0,18.0,8.0,41.0,715.0,1.0,3.0,46.0,30.0,0.0,47.0,5.0,6.0,1.0,23.0,22.0,15.0,5.0,19.0,127.0,24.0,12.0,2.0,22.0,32.0,58.0,3.0,111.0,2015.0,0.0,1.0
2020-11-02,7.0,24.0,22.0,9.0,234.0,63.0,48.0,23.0,27.0,22.0,4.0,28.0,28.0,0.0,86.0,4.0,12.0,2.0,43.0,20.0,10.0,45.0,747.0,1.0,3.0,44.0,36.0,0.0,53.0,6.0,7.0,1.0,25.0,27.0,19.0,7.0,26.0,137.0,28.0,12.0,3.0,29.0,37.0,67.0,4.0,127.0,2208.0,0.0,1.0
2020-11-03,12.0,31.0,34.0,10.0,264.0,84.0,39.0,14.0,28.0,22.0,4.0,34.0,26.0,0.0,94.0,5.0,12.0,3.0,40.0,15.0,16.0,51.0,917.0,2.0,5.0,51.0,39.0,0.0,68.0,5.0,7.0,1.0,36.0,30.0,28.0,7.0,27.0,138.0,18.0,16.0,3.0,33.0,31.0,53.0,3.0,127.0,2484.0,0.0,1.0
2020-11-04,15.0,27.0,45.0,15.0,294.0,98.0,51.0,18.0,31.0,22.0,4.0,39.0,34.0,0.0,105.0,6.0,18.0,3.0,51.0,16.0,19.0,64.0,968.0,2.0,5.0,51.0,38.0,0.0,77.0,7.0,11.0,0.0,37.0,30.0,35.0,9.0,34.0,143.0,33.0,16.0,2.0,38.0,35.0,73.0,5.0,129.0,2754.0,0.0,1.0
2020-11-05,17.0,25.0,45.0,13.0,297.0,102.0,56.0,19.0,26.0,23.0,6.0,39.0,36.0,0.0,99.0,7.0,30.0,4.0,51.0,18.0,17.0,62.0,966.0,1.0,5.0,51.0,37.0,0.0,90.0,7.0,11.0,1.0,41.0,24.0,31.0,10.0,31.0,150.0,38.0,20.0,5.0,36.0,37.0,81.0,6.0,131.0,2803.0,0.0,1.0
2020-11-06,16.0,29.0,44.0,16.0,237.0,108.0,54.0,20.0,34.0,23.0,6.0,37.0,37.0,0.0,107.0,5.0,30.0,3.0,46.0,17.0,17.0,70.0,958.0,2.0,5.0,52.0,30.0,0.0,85.0,7.0,11.0,1.0,42.0,27.0,28.0,11.0,32.0,159.0,41.0,20.0,5.0,35.0,35.0,80.0,9.0,115.0,2747.0,0.0,1.0
2020-11-07,18.0,37.0,46.0,14.0,229.0,124.0,59.0,19.0,33.0,22.0,6.0,41.0,44.0,0.0,116.0,6.0,30.0,3.0,48.0,11.0,19.0,72.0,956.0,4.0,4.0,47.0,25.0,0.0,91.0,4.0,10.0,1.0,42.0,22.0,27.0,11.0,34.0,179.0,36.0,22.0,5.0,38.0,31.0,72.0,12.0,109.0,2779.0,0.0,0.0
2020-11-08,23.0,40.0,42.0,15.0,224.0,145.0,67.0,27.0,25.0,27.0,7.0,39.0,66.0,0.0,144.0,6.0,32.0,3.0,53.0,13.0,19.0,70.0,1047.0,8.0,9.0,54.0,24.0,4.0,99.0,5.0,12.0,1.0,45.0,27.0,32.0,10.0,30.0,208.0,40.0,23.0,7.0,41.0,40.0,103.0,12.0,128.0,3097.0,1.0,0.0
2020-11-09,27.0,39.0,42.0,16.0,218.0,158.0,73.0,39.0,25.0,22.0,6.0,40.0,67.0,0.0,151.0,6.0,32.0,3.0,56.0,17.0,22.0,70.0,1089.0,11.0,9.0,62.0,20.0,4.0,96.0,6.0,12.0,1.0,44.0,23.0,30.0,10.0,24.0,214.0,43.0,26.0,8.0,36.0,45.0,131.0,10.0,125.0,3209.0,1.0,0.0
2020-11-10,29.0,36.0,34.0,17.0,220.0,159.0,89.0,51.0,27.0,24.0,6.0,42.0,81.0,0.0,153.0,7.0,37.0,4.0,65.0,18.0,17.0,68.0,1020.0,19.0,9.0,55.0,16.0,5.0,88.0,7.0,14.0,2.0,33.0,24.0,25.0,12.0,28.0,228.0,57.0,28.0,8.0,38.0,52.0,178.0,12.0,134.0,3278.0,2.0,0.0
2020-11-11,27.0,41.0,27.0,16.0,232.0,158.0,88.0,52.0,27.0,23.0,9.0,51.0,87.0,0.0,151.0,7.0,32.0,4.0,67.0,23.0,20.0,67.0,999.0,38.0,10.0,51.0,21.0,6.0,92.0,8.0,10.0,6.0,36.0,25.0,20.0,11.0,26.0,244.0,45.0,26.0,9.0,53.0,54.0,181.0,14.0,131.0,3327.0,2.0,0.0
2020-11-12,35.0,53.0,27.0,18.0,231.0,182.0,96.0,58.0,27.0,21.0,5.0,56.0,108.0,0.0,185.0,6.0,21.0,4.0,76.0,25.0,21.0,69.0,1030.0,39.0,13.0,76.0,21.0,6.0,89.0,8.0,10.0,5.0,40.0,30.0,22.0,11.0,28.0,267.0,45.0,20.0,6.0,58.0,60.0,192.0,14.0,126.0,3546.0,3.0,0.0
2020-11-13,35.0,56.0,28.0,15.0,269.0,181.0,97.0,57.0,24.0,24.0,6.0,66.0,109.0,0.0,188.0,6.0,23.0,9.0,83.0,28.0,21.0,76.0,1102.0,41.0,13.0,76.0,32.0,7.0,104.0,13.0,13.0,6.0,44.0,30.0,27.0,11.0,30.0,255.0,49.0,22.0,7.0,70.0,64.0,194.0,11.0,142.0,3773.0,5.0,1.0
2020-11-14,35.0,51.0,25.0,16.0,302.0,168.0,90.0,59.0,30.0,29.0,6.0,68.0,111.0,0.0,191.0,5.0,24.0,9.0,88.0,31.0,19.0,79.0,1239.0,45.0,15.0,83.0,39.0,10.0,111.0,15.0,17.0,6.0,47.0,32.0,30.0,10.0,33.0,244.0,50.0,20.0,6.0,76.0,68.0,197.0,9.0,146.0,3993.0,5.0,1.0
2020-11-15,34.0,54.0,24.0,23.0,299.0,191.0,88.0,62.0,36.0,36.0,6.0,73.0,101.0,0.0,196.0,3.0,27.0,11.0,92.0,33.0,23.0,92.0,1231.0,44.0,20.0,92.0,36.0,8.0,144.0,16.0,20.0,7.0,57.0,34.0,28.0,13.0,38.0,224.0,51.0,22.0,7.0,74.0,66.0,181.0,8.0,138.0,4072.0,4.0,2.0
2020-11-16,30.0,55.0,34.0,23.0,357.0,185.0,97.0,56.0,36.0,35.0,6.0,69.0,110.0,0.0,205.0,3.0,27.0,13.0,94.0,32.0,19.0,94.0,1231.0,42.0,25.0,90.0,43.0,9.0,157.0,15.0,23.0,7.0,61.0,37.0,28.0,14.0,39.0,247.0,53.0,24.0,6.0,86.0,72.0,170.0,14.0,138.0,4221.0,5.0,2.0
2020-11-17,25.0,59.0,36.0,22.0,346.0,180.0,89.0,46.0,33.0,38.0,7.0,83.0,99.0,0.0,202.0,2.0,21.0,12.0,97.0,30.0,18.0,99.0,1168.0,35.0,42.0,91.0,50.0,8.0,186.0,15.0,25.0,6.0,67.0,32.0,30.0,16.0,45.0,242.0,42.0,26.0,6.0,85.0,63.0,130.0,15.0,121.0,4100.0,5.0,2.0
2020-11-18,29.0,66.0,35.0,21.0,300.0,188.0,80.0,43.0,26.0,38.0,6.0,77.0,92.0,0.0,202.0,1.0,18.0,16.0,89.0,28.0,13.0,88.0,1160.0,16.0,49.0,99.0,44.0,7.0,199.0,15.0,27.0,2.0,67.0,35.0,28.0,16.0,39.0,226.0,41.0,29.0,12.0,72.0,59.0,104.0,12.0,119.0,3962.0,21.0,5.0
2020-11-19,18.0,50.0,33.0,19.0,292.0,164.0,71.0,41.0,28.0,38.0,5.0,90.0,77.0,0.0,185.0,1.0,18.0,15.0,88.0,25.0,14.0,97.0,1095.0,17.0,48.0,76.0,45.0,9.0,195.0,18.0,34.0,4.0,61.0,32.0,35.0,15.0,37.0,223.0,39.0,29.0,12.0,68.0,56.0,94.0,12.0,123.0,3772.0,21.0,5.0
2020-11-20,20.0,48.0,38.0,21.0,326.0,164.0,72.0,49.0,32.0,49.0,4.0,91.0,77.0,0.0,198.0,2.0,18.0,11.0,83.0,23.0,16.0,105.0,1107.0,17.0,52.0,81.0,35.0,8.0,208.0,16.0,34.0,3.0,53.0,30.0,40.0,17.0,36.0,223.0,34.0,34.0,15.0,63.0,51.0,97.0,14.0,119.0,3861.0,21.0,6.0
2020-11-21,21.0,51.0,41.0,19.0,306.0,196.0,79.0,53.0,26.0,43.0,6.0,87.0,84.0,0.0,200.0,3.0,19.0,13.0,79.0,24.0,14.0,105.0,1042.0,12.0,54.0,91.0,28.0,5.0,219.0,17.0,33.0,4.0,53.0,28.0,37.0,16.0,31.0,229.0,35.0,34.0,35.0,59.0,55.0,107.0,19.0,114.0,3860.0,23.0,11.0
2020-11-22,19.0,52.0,44.0,12.0,309.0,161.0,80.0,47.0,23.0,36.0,5.0,87.0,82.0,0.0,191.0,3.0,17.0,11.0,84.0,23.0,8.0,92.0,957.0,9.0,47.0,75.0,28.0,5.0,192.0,17.0,31.0,4.0,46.0,20.0,42.0,14.0,29.0,213.0,32.0,36.0,34.0,80.0,55.0,103.0,21.0,103.0,3613.0,24.0,10.0
2020-11-23,20.0,61.0,34.0,15.0,241.0,163.0,71.0,53.0,30.0,40.0,5.0,103.0,81.0,0.0,177.0,4.0,21.0,11.0,79.0,20.0,12.0,103.0,925.0,9.0,74.0,76.0,19.0,6.0,192.0,16.0,27.0,4.0,42.0,16.0,53.0,12.0,32.0,195.0,27.0,33.0,34.0,74.0,43.0,89.0,21.0,92.0,3488.0,23.0,10.0
2020-11-24,22.0,65.0,33.0,14.0,270.0,177.0,70.0,54.0,30.0,36.0,6.0,96.0,90.0,0.0,178.0,4.0,22.0,12.0,71.0,18.0,14.0,100.0,919.0,8.0,60.0,86.0,20.0,6.0,178.0,16.0,28.0,5.0,38.0,24.0,53.0,8.0,22.0,197.0,25.0,35.0,37.0,85.0,47.0,91.0,20.0,96.0,3518.0,22.0,10.0
2020-11-25,18.0,55.0,32.0,11.0,267.0,163.0,73.0,55.0,30.0,35.0,5.0,94.0,86.0,0.0,171.0,4.0,21.0,8.0,73.0,13.0,14.0,99.0,813.0,10.0,54.0,78.0,19.0,7.0,162.0,15.0,26.0,5.0,34.0,20.0,54.0,9.0,21.0,189.0,32.0,34.0,36.0,80.0,46.0,104.0,19.0,96.0,3307.0,6.0,11.0
2020-11-26,20.0,54.0,31.0,11.0,263.0,157.0,74.0,49.0,27.0,33.0,7.0,81.0,82.0,0.0,153.0,4.0,21.0,9.0,68.0,12.0,12.0,90.0,812.0,9.0,53.0,77.0,18.0,6.0,173.0,13.0,21.0,3.0,33.0,17.0,48.0,8.0,20.0,171.0,32.0,38.0,43.0,77.0,40.0,101.0,18.0,83.0,3191.0,5.0,14.0
2020-11-27,20.0,57.0,34.0,13.0,229.0,176.0,81.0,54.0,21.0,24.0,8.0,84.0,85.0,0.0,121.0,3.0,22.0,8.0,64.0,15.0,8.0,76.0,778.0,8.0,52.0,79.0,21.0,6.0,153.0,11.0,24.0,3.0,36.0,16.0,47.0,7.0,18.0,174.0,36.0,38.0,43.0,81.0,44.0,117.0,19.0,74.0,3104.0,3.0,13.0
2020-11-28,18.0,54.0,33.0,17.0,208.0,157.0,81.0,54.0,27.0,28.0,6.0,91.0,76.0,2.0,113.0,3.0,20.0,8.0,68.0,11.0,8.0,77.0,713.0,7.0,49.0,70.0,19.0,6.0,138.0,10.0,20.0,2.0,35.0,22.0,49.0,6.0,17.0,152.0,35.0,42.0,26.0,76.0,36.0,112.0,14.0,69.0,2895.0,2.0,8.0
2020-11-29,16.0,44.0,34.0,16.0,225.0,149.0,87.0,56.0,24.0,26.0,6.0,95.0,80.0,2.0,92.0,3.0,18.0,8.0,51.0,12.0,8.0,84.0,711.0,7.0,50.0,66.0,21.0,4.0,121.0,8.0,19.0,1.0,26.0,22.0,46.0,7.0,14.0,145.0,41.0,36.0,24.0,58.0,36.0,130.0,14.0,75.0,2828.0,1.0,9.0
2020-11-30,15.0,36.0,35.0,11.0,235.0,154.0,79.0,45.0,14.0,22.0,7.0,78.0,81.0,2.0,100.0,2.0,12.0,10.0,49.0,14.0,5.0,96.0,730.0,7.0,20.0,68.0,22.0,2.0,138.0,8.0,21.0,4.0,28.0,27.0,34.0,6.0,10.0,141.0,35.0,44.0,27.0,83.0,34.0,127.0,12.0,74.0,2819.0,3.0,12.0
2020-12-01,12.0,28.0,34.0,9.0,190.0,139.0,77.0,40.0,11.0,21.0,6.0,67.0,76.0,2.0,92.0,1.0,10.0,8.0,49.0,16.0,4.0,97.0,706.0,7.0,16.0,61.0,16.0,3.0,125.0,7.0,17.0,4.0,25.0,33.0,32.0,7.0,10.0,137.0,34.0,41.0,28.0,73.0,28.0,121.0,12.0,74.0,2624.0,6.0,12.0
2020-12-02,10.0,33.0,30.0,9.0,197.0,133.0,72.0,39.0,13.0,19.0,5.0,64.0,74.0,2.0,85.0,1.0,10.0,8.0,41.0,16.0,4.0,103.0,710.0,7.0,16.0,58.0,15.0,3.0,105.0,4.0,16.0,4.0,26.0,35.0,30.0,8.0,11.0,139.0,29.0,38.0,22.0,75.0,26.0,114.0,16.0,77.0,2566.0,6.0,8.0
2020-12-03,9.0,41.0,31.0,8.0,213.0,141.0,73.0,39.0,15.0,19.0,3.0,65.0,78.0,2.0,95.0,2.0,9.0,7.0,44.0,17.0,4.0,104.0,680.0,7.0,16.0,56.0,15.0,5.0,97.0,4.0,14.0,4.0,26.0,41.0,33.0,8.0,12.0,145.0,27.0,37.0,17.0,81.0,33.0,114.0,16.0,79.0,2598.0,6.0,6.0
2020-12-04,7.0,38.0,31.0,5.0,198.0,126.0,69.0,27.0,14.0,17.0,2.0,61.0,88.0,2.0,119.0,2.0,7.0,8.0,55.0,18.0,5.0,105.0,665.0,6.0,15.0,51.0,15.0,6.0,104.0,3.0,12.0,5.0,25.0,46.0,32.0,9.0,10.0,141.0,26.0,43.0,14.0,81.0,34.0,95.0,16.0,77.0,2549.0,8.0,6.0
2020-12-05,11.0,34.0,30.0,1.0,215.0,116.0,66.0,23.0,8.0,14.0,2.0,63.0,98.0,0.0,118.0,1.0,6.0,6.0,64.0,19.0,7.0,104.0,678.0,6.0,14.0,45.0,19.0,6.0,110.0,1.0,13.0,5.0,21.0,42.0,37.0,9.0,12.0,152.0,25.0,45.0,12.0,87.0,39.0,91.0,15.0,76.0,2580.0,8.0,6.0
2020-12-06,10.0,40.0,29.0,3.0,197.0,124.0,58.0,23.0,8.0,13.0,3.0,60.0,86.0,0.0,124.0,1.0,7.0,7.0,68.0,21.0,7.0,106.0,641.0,8.0,11.0,61.0,16.0,6.0,115.0,1.0,12.0,5.0,26.0,51.0,37.0,9.0,15.0,146.0,23.0,51.0,13.0,82.0,34.0,66.0,16.0,67.0,2520.0,8.0,5.0
2020-12-07,13.0,42.0,28.0,5.0,207.0,112.0,67.0,26.0,11.0,17.0,2.0,74.0,84.0,0.0,117.0,1.0,6.0,3.0,66.0,18.0,6.0,87.0,630.0,8.0,10.0,62.0,15.0,8.0,94.0,1.0,12.0,2.0,21.0,54.0,44.0,12.0,15.0,158.0,26.0,45.0,11.0,55.0,38.0,63.0,15.0,63.0,2463.0,7.0,2.0
2020-12-08,13.0,40.0,28.0,5.0,214.0,111.0,72.0,44.0,11.0,18.0,1.0,77.0,85.0,0.0,117.0,1.0,8.0,4.0,66.0,17.0,6.0,83.0,630.0,7.0,10.0,59.0,17.0,8.0,85.0,1.0,10.0,1.0,22.0,39.0,43.0,13.0,13.0,152.0,30.0,47.0,9.0,63.0,43.0,62.0,14.0,56.0,2462.0,4.0,2.0
2020-12-09,14.0,34.0,27.0,5.0,204.0,105.0,73.0,46.0,9.0,18.0,1.0,72.0,87.0,0.0,115.0,1.0,8.0,4.0,65.0,17.0,5.0,78.0,619.0,6.0,8.0,61.0,17.0,7.0,86.0,1.0,11.0,1.0,22.0,36.0,42.0,10.0,15.0,141.0,25.0,47.0,9.0,60.0,41.0,53.0,10.0,43.0,2366.0,4.0,2.0
2020-12-10,14.0,27.0,26.0,9.0,203.0,95.0,73.0,51.0,9.0,20.0,1.0,69.0,82.0,1.0,114.0,0.0,7.0,5.0,62.0,16.0,6.0,96.0,633.0,6.0,8.0,60.0,18.0,4.0,86.0,1.0,15.0,1.0,20.0,31.0,43.0,10.0,13.0,135.0,24.0,47.0,10.0,63.0,36.0,55.0,11.0,50.0,2372.0,4.0,1.0
2020-12-11,15.0,21.0,17.0,8.0,178.0,86.0,71.0,48.0,7.0,18.0,1.0,62.0,61.0,1.0,85.0,0.0,7.0,5.0,46.0,13.0,5.0,86.0,531.0,5.0,5.0,54.0,14.0,3.0,68.0,2.0,10.0,0.0,15.0,27.0,37.0,7.0,14.0,117.0,21.0,34.0,9.0,52.0,29.0,46.0,9.0,42.0,1995.0,2.0,0.0
2020-12-12,14.0,29.0,22.0,8.0,173.0,105.0,71.0,47.0,10.0,21.0,3.0,61.0,56.0,1.0,85.0,0.0,7.0,7.0,33.0,13.0,3.0,85.0,515.0,6.0,6.0,58.0,9.0,4.0,68.0,2.0,11.0,0.0,13.0,29.0,35.0,9.0,14.0,117.0,22.0,32.0,13.0,47.0,28.0,40.0,10.0,48.0,1992.0,1.0,0.0
2020-12-13,19.0,24.0,21.0,7.0,166.0,110.0,72.0,47.0,14.0,27.0,4.0,58.0,56.0,1.0,75.0,0.0,7.0,6.0,30.0,16.0,6.0,91.0,551.0,4.0,7.0,59.0,9.0,7.0,70.0,3.0,11.0,0.0,9.0,27.0,37.0,11.0,12.0,117.0,21.0,32.0,14.0,61.0,38.0,58.0,7.0,52.0,2077.0,2.0,0.0
2020-12-14,16.0,19.0,21.0,5.0,160.0,107.0,62.0,42.0,12.0,22.0,4.0,47.0,53.0,1.0,72.0,0.0,7.0,6.0,30.0,15.0,5.0,89.0,559.0,3.0,6.0,49.0,10.0,5.0,62.0,5.0,8.0,0.0,10.0,21.0,33.0,11.0,11.0,107.0,17.0,34.0,13.0,69.0,32.0,55.0,4.0,69.0,1993.0,2.0,2.0
2020-12-15,18.0,16.0,17.0,5.0,161.0,93.0,56.0,25.0,16.0,21.0,4.0,46.0,46.0,1.0,70.0,0.0,6.0,6.0,29.0,17.0,6.0,87.0,526.0,3.0,5.0,45.0,6.0,4.0,65.0,5.0,9.0,0.0,10.0,22.0,33.0,9.0,11.0,100.0,12.0,27.0,11.0,65.0,27.0,60.0,3.0,71.0,1879.0,2.0,2.0
2020-12-16,17.0,15.0,18.0,6.0,168.0,101.0,53.0,22.0,17.0,24.0,5.0,52.0,45.0,1.0,72.0,0.0,6.0,6.0,28.0,17.0,8.0,88.0,536.0,4.0,6.0,47.0,5.0,4.0,66.0,5.0,8.0,0.0,11.0,22.0,36.0,10.0,10.0,108.0,12.0,26.0,11.0,63.0,27.0,63.0,3.0,75.0,1931.0,2.0,2.0
2020-12-17,20.0,15.0,17.0,2.0,167.0,104.0,50.0,20.0,16.0,24.0,5.0,59.0,45.0,0.0,69.0,0.0,7.0,5.0,32.0,20.0,10.0,68.0,531.0,4.0,5.0,50.0,5.0,5.0,61.0,5.0,6.0,0.0,12.0,20.0,33.0,10.0,13.0,117.0,12.0,28.0,8.0,60.0,27.0,66.0,2.0,66.0,1905.0,2.0,2.0
2020-12-18,20.0,21.0,26.0,2.0,187.0,122.0,51.0,27.0,19.0,32.0,6.0,61.0,54.0,0.0,76.0,0.0,8.0,4.0,33.0,24.0,13.0,75.0,604.0,4.0,5.0,56.0,8.0,6.0,72.0,4.0,7.0,0.0,12.0,22.0,41.0,14.0,13.0,122.0,19.0,29.0,8.0,68.0,35.0,90.0,3.0,67.0,2174.0,2.0,2.0
2020-12-19,18.0,12.0,19.0,5.0,172.0,102.0,43.0,26.0,22.0,30.0,5.0,56.0,47.0,1.0,86.0,0.0,10.0,1.0,30.0,23.0,19.0,76.0,582.0,4.0,4.0,47.0,11.0,6.0,59.0,4.0,6.0,0.0,14.0,18.0,39.0,13.0,10.0,128.0,17.0,27.0,3.0,69.0,31.0,88.0,3.0,61.0,2051.0,2.0,2.0
2020-12-20,13.0,21.0,16.0,5.0,171.0,93.0,38.0,22.0,22.0,28.0,3.0,47.0,52.0,1.0,92.0,1.0,9.0,2.0,28.0,14.0,19.0,58.0,533.0,5.0,2.0,33.0,14.0,3.0,52.0,4.0,7.0,1.0,13.0,12.0,36.0,10.0,10.0,136.0,17.0,22.0,1.0,64.0,22.0,66.0,8.0,54.0,1883.0,1.0,2.0
2020-12-21,12.0,21.0,14.0,10.0,156.0,93.0,36.0,29.0,24.0,32.0,3.0,52.0,46.0,1.0,86.0,2.0,9.0,2.0,24.0,18.0,22.0,64.0,480.0,5.0,2.0,41.0,16.0,3.0,52.0,2.0,8.0,3.0,12.0,17.0,41.0,7.0,11.0,122.0,20.0,17.0,0.0,54.0,26.0,68.0,8.0,41.0,1812.0,0.0,0.0
2020-12-22,9.0,20.0,15.0,10.0,141.0,86.0,35.0,30.0,22.0,33.0,5.0,46.0,45.0,1.0,82.0,2.0,10.0,2.0,21.0,14.0,20.0,59.0,453.0,5.0,3.0,35.0,18.0,3.0,47.0,2.0,8.0,5.0,8.0,18.0,42.0,7.0,14.0,125.0,21.0,16.0,0.0,43.0,26.0,59.0,10.0,38.0,1714.0,0.0,0.0
2020-12-23,9.0,22.0,16.0,10.0,132.0,78.0,33.0,29.0,21.0,30.0,4.0,43.0,47.0,1.0,91.0,2.0,11.0,2.0,27.0,16.0,20.0,59.0,441.0,3.0,2.0,32.0,19.0,3.0,44.0,2.0,9.0,5.0,7.0,18.0,39.0,6.0,13.0,123.0,23.0,15.0,0.0,40.0,26.0,62.0,10.0,41.0,1686.0,0.0,0.0
2020-12-24,5.0,24.0,21.0,11.0,122.0,79.0,31.0,25.0,27.0,31.0,4.0,34.0,47.0,1.0,97.0,2.0,12.0,2.0,22.0,20.0,20.0,65.0,459.0,2.0,2.0,38.0,21.0,2.0,42.0,1.0,8.0,6.0,9.0,20.0,39.0,7.0,15.0,118.0,25.0,12.0,0.0,36.0,29.0,64.0,14.0,49.0,1720.0,0.0,0.0
2020-12-25,5.0,21.0,12.0,17.0,107.0,73.0,29.0,20.0,32.0,33.0,3.0,42.0,39.0,1.0,86.0,3.0,9.0,3.0,22.0,17.0,21.0,71.0,477.0,2.0,2.0,38.0,19.0,1.0,33.0,2.0,8.0,7.0,12.0,21.0,33.0,4.0,22.0,118.0,19.0,15.0,2.0,37.0,28.0,63.0,15.0,58.0,1702.0,0.0,0.0
2020-12-26,3.0,21.0,20.0,19.0,107.0,69.0,29.0,24.0,31.0,37.0,2.0,42.0,37.0,0.0,83.0,3.0,8.0,3.0,26.0,17.0,21.0,69.0,479.0,3.0,1.0,43.0,19.0,0.0,29.0,2.0,10.0,8.0,13.0,23.0,34.0,4.0,22.0,115.0,18.0,13.0,2.0,36.0,28.0,74.0,16.0,54.0,1717.0,0.0,0.0
2020-12-27,6.0,13.0,20.0,21.0,101.0,69.0,26.0,27.0,32.0,41.0,2.0,44.0,33.0,0.0,76.0,2.0,7.0,4.0,28.0,19.0,20.0,81.0,488.0,3.0,1.0,46.0,16.0,0.0,27.0,1.0,9.0,9.0,13.0,23.0,33.0,3.0,23.0,102.0,17.0,15.0,3.0,26.0,29.0,79.0,16.0,54.0,1710.0,2.0,0.0
2020-12-28,6.0,12.0,22.0,16.0,91.0,57.0,23.0,21.0,30.0,35.0,3.0,37.0,29.0,0.0,73.0,1.0,6.0,4.0,27.0,15.0,18.0,67.0,430.0,3.0,1.0,35.0,14.0,0.0,22.0,1.0,8.0,7.0,12.0,16.0,23.0,4.0,22.0,91.0,14.0,14.0,3.0,24.0,24.0,70.0,16.0,62.0,1511.0,2.0,0.0
2020-12-29,6.0,12.0,20.0,17.0,83.0,52.0,20.0,21.0,30.0,32.0,1.0,36.0,32.0,0.0,72.0,2.0,5.0,4.0,28.0,16.0,18.0,68.0,424.0,4.0,1.0,34.0,12.0,1.0,18.0,1.0,7.0,5.0,12.0,12.0,21.0,4.0,20.0,88.0,13.0,15.0,3.0,23.0,24.0,72.0,14.0,69.0,1474.0,2.0,0.0
2020-12-30,7.0,11.0,20.0,16.0,81.0,54.0,23.0,24.0,31.0,32.0,1.0,34.0,29.0,0.0,71.0,3.0,4.0,4.0,26.0,17.0,17.0,65.0,482.0,6.0,2.0,34.0,11.0,1.0,18.0,1.0,8.0,6.0,11.0,13.0,24.0,6.0,19.0,97.0,12.0,16.0,3.0,26.0,25.0,70.0,16.0,65.0,1544.0,2.0,0.0
2020-12-31,11.0,12.0,15.0,21.0,91.0,62.0,26.0,35.0,49.0,31.0,1.0,38.0,34.0,0.0,83.0,5.0,2.0,5.0,37.0,10.0,17.0,62.0,473.0,6.0,2.0,27.0,8.0,2.0,15.0,1.0,10.0,6.0,12.0,12.0,26.0,10.0,16.0,103.0,14.0,14.0,5.0,29.0,29.0,67.0,12.0,64.0,1615.0,5.0,0.0
2021-01-01,11.0,10.0,18.0,19.0,111.0,86.0,33.0,39.0,48.0,29.0,3.0,31.0,39.0,0.0,106.0,4.0,10.0,4.0,43.0,12.0,25.0,67.0,470.0,7.0,2.0,29.0,10.0,2.0,15.0,1.0,9.0,11.0,16.0,9.0,37.0,11.0,9.0,134.0,14.0,10.0,4.0,30.0,26.0,69.0,9.0,73.0,1764.0,9.0,0.0
2021-01-02,10.0,15.0,10.0,15.0,129.0,92.0,39.0,40.0,47.0,28.0,3.0,28.0,41.0,1.0,109.0,6.0,10.0,5.0,41.0,14.0,23.0,75.0,490.0,5.0,3.0,28.0,8.0,2.0,17.0,1.0,9.0,12.0,15.0,8.0,38.0,11.0,10.0,122.0,16.0,9.0,4.0,33.0,25.0,64.0,10.0,80.0,1811.0,10.0,0.0
2021-01-03,8.0,19.0,12.0,12.0,133.0,97.0,44.0,38.0,44.0,25.0,4.0,29.0,38.0,1.0,114.0,6.0,10.0,3.0,39.0,17.0,23.0,65.0,511.0,4.0,4.0,22.0,11.0,2.0,23.0,1.0,11.0,10.0,15.0,9.0,44.0,16.0,6.0,122.0,14.0,6.0,3.0,36.0,27.0,67.0,5.0,92.0,1852.0,9.0,1.0
2021-01-04,8.0,19.0,11.0,14.0,137.0,102.0,48.0,43.0,44.0,29.0,3.0,31.0,42.0,1.0,123.0,7.0,11.0,3.0,43.0,20.0,25.0,72.0,548.0,4.0,4.0,28.0,12.0,2.0,27.0,1.0,11.0,10.0,16.0,10.0,52.0,16.0,9.0,128.0,16.0,7.0,4.0,35.0,28.0,77.0,7.0,83.0,1981.0,9.0,1.0
2021-01-05,10.0,20.0,13.0,13.0,150.0,105.0,49.0,44.0,44.0,31.0,5.0,36.0,41.0,1.0,133.0,8.0,11.0,2.0,47.0,20.0,25.0,73.0,562.0,4.0,4.0,32.0,12.0,3.0,30.0,1.0,12.0,10.0,17.0,10.0,51.0,16.0,11.0,138.0,18.0,7.0,4.0,40.0,28.0,82.0,7.0,81.0,2071.0,9.0,1.0
2021-01-07,10.0,24.0,19.0,13.0,195.0,125.0,62.0,42.0,47.0,40.0,5.0,40.0,44.0,1.0,147.0,15.0,11.0,3.0,53.0,22.0,26.0,86.0,553.0,4.0,3.0,37.0,16.0,6.0,43.0,1.0,13.0,9.0,18.0,11.0,57.0,20.0,12.0,146.0,23.0,10.0,4.0,38.0,34.0,102.0,5.0,95.0,2301.0,10.0,1.0
2021-01-08,7.0,24.0,32.0,9.0,222.0,132.0,64.0,34.0,29.0,43.0,7.0,51.0,33.0,5.0,120.0,14.0,12.0,2.0,38.0,23.0,25.0,93.0,595.0,5.0,3.0,37.0,18.0,5.0,47.0,2.0,10.0,8.0,17.0,10.0,58.0,17.0,11.0,127.0,23.0,14.0,2.0,42.0,32.0,107.0,10.0,85.0,2314.0,9.0,1.0
2021-01-09,5.0,27.0,28.0,6.0,198.0,94.0,50.0,29.0,21.0,33.0,6.0,44.0,35.0,5.0,111.0,18.0,4.0,2.0,46.0,20.0,13.0,73.0,538.0,4.0,3.0,32.0,16.0,5.0,46.0,1.0,12.0,2.0,10.0,8.0,43.0,15.0,10.0,116.0,20.0,13.0,1.0,31.0,28.0,82.0,10.0,70.0,1990.0,5.0,1.0
2021-01-10,6.0,25.0,27.0,8.0,207.0,101.0,63.0,27.0,31.0,30.0,7.0,50.0,31.0,5.0,95.0,17.0,5.0,1.0,46.0,20.0,12.0,65.0,550.0,4.0,2.0,39.0,23.0,5.0,44.0,1.0,11.0,0.0,20.0,8.0,41.0,17.0,12.0,108.0,20.0,14.0,2.0,26.0,31.0,104.0,10.0,76.0,2052.0,4.0,1.0
2021-01-11,6.0,21.0,31.0,9.0,235.0,119.0,57.0,28.0,32.0,25.0,6.0,57.0,39.0,5.0,105.0,25.0,6.0,2.0,55.0,15.0,17.0,65.0,603.0,8.0,2.0,44.0,26.0,11.0,43.0,2.0,9.0,1.0,21.0,7.0,34.0,18.0,17.0,129.0,22.0,17.0,4.0,23.0,28.0,106.0,14.0,74.0,2226.0,3.0,0.0
2021-01-12,6.0,25.0,36.0,8.0,261.0,135.0,56.0,24.0,34.0,24.0,6.0,59.0,35.0,5.0,91.0,24.0,5.0,2.0,53.0,12.0,16.0,71.0,582.0,8.0,4.0,43.0,29.0,12.0,40.0,3.0,9.0,1.0,30.0,7.0,27.0,17.0,19.0,123.0,23.0,22.0,3.0,25.0,34.0,102.0,14.0,72.0,2240.0,3.0,0.0
2021-01-13,5.0,26.0,34.0,8.0,250.0,134.0,54.0,21.0,33.0,23.0,4.0,55.0,33.0,5.0,86.0,22.0,4.0,2.0,53.0,11.0,16.0,67.0,541.0,10.0,3.0,39.0,28.0,11.0,39.0,4.0,8.0,2.0,29.0,10.0,26.0,17.0,16.0,118.0,22.0,20.0,3.0,21.0,33.0,95.0,14.0,68.0,2048.0,4.0,0.0
2021-01-14,4.0,22.0,30.0,9.0,223.0,124.0,40.0,18.0,32.0,15.0,6.0,59.0,30.0,5.0,81.0,14.0,6.0,2.0,51.0,9.0,16.0,60.0,576.0,10.0,4.0,40.0,32.0,8.0,36.0,4.0,6.0,2.0,33.0,9.0,18.0,12.0,21.0,103.0,18.0,16.0,3.0,24.0,30.0,88.0,14.0,52.0,1939.0,3.0,0.0
2021-01-15,6.0,27.0,18.0,9.0,206.0,122.0,39.0,17.0,35.0,13.0,5.0,47.0,35.0,4.0,106.0,15.0,7.0,3.0,59.0,8.0,19.0,50.0,581.0,13.0,9.0,51.0,41.0,9.0,32.0,11.0,9.0,2.0,35.0,14.0,19.0,15.0,22.0,105.0,15.0,12.0,4.0,26.0,29.0,89.0,10.0,58.0,1985.0,2.0,1.0
2021-01-16,6.0,27.0,20.0,11.0,236.0,136.0,43.0,17.0,40.0,16.0,4.0,47.0,31.0,7.0,103.0,11.0,7.0,3.0,52.0,7.0,20.0,54.0,593.0,13.0,11.0,59.0,46.0,10.0,29.0,20.0,7.0,2.0,42.0,17.0,26.0,16.0,24.0,93.0,17.0,13.0,4.0,32.0,30.0,93.0,13.0,60.0,2093.0,3.0,1.0
2021-01-17,6.0,23.0,22.0,12.0,217.0,134.0,27.0,14.0,32.0,16.0,6.0,40.0,31.0,17.0,101.0,12.0,7.0,3.0,55.0,5.0,19.0,50.0,538.0,13.0,11.0,53.0,39.0,12.0,28.0,24.0,5.0,2.0,32.0,18.0,26.0,14.0,21.0,101.0,20.0,14.0,3.0,36.0,27.0,71.0,11.0,46.0,1940.0,4.0,1.0
2021-01-18,6.0,24.0,19.0,13.0,199.0,123.0,26.0,13.0,28.0,17.0,6.0,31.0,22.0,27.0,85.0,5.0,8.0,2.0,50.0,7.0,13.0,54.0,458.0,12.0,14.0,49.0,35.0,6.0,26.0,23.0,4.0,1.0,32.0,18.0,24.0,13.0,17.0,84.0,17.0,13.0,1.0,37.0,24.0,72.0,7.0,39.0,1731.0,5.0,1.0
2021-01-19,8.0,19.0,15.0,12.0,177.0,110.0,24.0,14.0,26.0,17.0,6.0,28.0,25.0,28.0,85.0,6.0,8.0,3.0,52.0,7.0,11.0,50.0,462.0,12.0,13.0,49.0,32.0,5.0,32.0,27.0,4.0,1.0,26.0,17.0,28.0,13.0,12.0,83.0,17.0,8.0,1.0,38.0,20.0,70.0,5.0,41.0,1678.0,7.0,3.0
2021-01-20,7.0,18.0,15.0,13.0,182.0,114.0,23.0,15.0,26.0,17.0,6.0,32.0,25.0,29.0,84.0,7.0,8.0,3.0,52.0,8.0,12.0,57.0,458.0,9.0,13.0,50.0,32.0,4.0,31.0,27.0,4.0,0.0,26.0,14.0,29.0,15.0,13.0,84.0,17.0,8.0,1.0,39.0,19.0,70.0,5.0,45.0,1775.0,6.0,3.0
2021-01-21,7.0,18.0,14.0,13.0,167.0,122.0,23.0,19.0,23.0,17.0,5.0,25.0,26.0,31.0,75.0,12.0,6.0,2.0,50.0,6.0,11.0,50.0,396.0,7.0,14.0,51.0,30.0,5.0,24.0,36.0,5.0,0.0,20.0,17.0,30.0,16.0,7.0,84.0,17.0,9.0,1.0,41.0,19.0,62.0,7.0,49.0,1680.0,7.0,4.0
2021-01-22,4.0,14.0,16.0,11.0,153.0,114.0,16.0,23.0,13.0,13.0,4.0,19.0,24.0,38.0,61.0,12.0,8.0,3.0,46.0,8.0,8.0,54.0,345.0,4.0,12.0,42.0,21.0,4.0,29.0,34.0,2.0,0.0,16.0,13.0,25.0,11.0,15.0,90.0,23.0,9.0,0.0,35.0,24.0,52.0,7.0,47.0,1534.0,8.0,4.0
2021-01-23,6.0,12.0,15.0,10.0,132.0,103.0,13.0,33.0,8.0,11.0,4.0,21.0,20.0,40.0,51.0,12.0,8.0,3.0,41.0,9.0,8.0,52.0,310.0,4.0,10.0,36.0,16.0,3.0,36.0,29.0,3.0,0.0,13.0,11.0,21.0,12.0,12.0,81.0,22.0,8.0,0.0,29.0,28.0,70.0,5.0,43.0,1430.0,11.0,5.0
2021-01-24,5.0,14.0,15.0,7.0,121.0,102.0,10.0,34.0,6.0,13.0,2.0,23.0,23.0,30.0,49.0,10.0,10.0,4.0,32.0,11.0,6.0,45.0,302.0,4.0,10.0,31.0,18.0,1.0,38.0,28.0,3.0,1.0,12.0,10.0,19.0,11.0,13.0,68.0,19.0,7.0,0.0,24.0,38.0,65.0,5.0,44.0,1365.0,11.0,5.0
2021-01-25,5.0,15.0,13.0,5.0,100.0,94.0,12.0,32.0,7.0,14.0,2.0,23.0,22.0,20.0,50.0,9.0,9.0,5.0,31.0,10.0,10.0,42.0,286.0,1.0,6.0,36.0,17.0,3.0,39.0,30.0,3.0,1.0,11.0,13.0,17.0,9.0,14.0,62.0,18.0,6.0,2.0,26.0,41.0,60.0,8.0,43.0,1305.0,11.0,6.0
2021-01-26,3.0,16.0,11.0,5.0,95.0,96.0,13.0,33.0,6.0,12.0,3.0,22.0,19.0,21.0,49.0,9.0,9.0,4.0,28.0,10.0,10.0,34.0,298.0,1.0,5.0,37.0,15.0,3.0,34.0,25.0,3.0,1.0,7.0,14.0,14.0,11.0,15.0,64.0,17.0,6.0,4.0,24.0,40.0,58.0,10.0,40.0,1276.0,11.0,5.0
2021-01-27,3.0,15.0,11.0,4.0,87.0,90.0,14.0,33.0,5.0,11.0,3.0,18.0,20.0,20.0,45.0,8.0,9.0,4.0,26.0,12.0,9.0,25.0,307.0,1.0,6.0,36.0,15.0,3.0,33.0,24.0,4.0,1.0,7.0,14.0,14.0,9.0,15.0,57.0,17.0,6.0,4.0,24.0,40.0,56.0,11.0,36.0,1234.0,11.0,5.0
2021-01-28,3.0,17.0,8.0,5.0,92.0,86.0,14.0,36.0,7.0,10.0,3.0,19.0,22.0,19.0,41.0,3.0,9.0,4.0,24.0,12.0,10.0,25.0,295.0,1.0,4.0,28.0,10.0,4.0,35.0,16.0,2.0,4.0,7.0,9.0,14.0,8.0,16.0,52.0,15.0,7.0,6.0,24.0,40.0,53.0,9.0,38.0,1187.0,11.0,4.0
2021-01-29,5.0,15.0,6.0,6.0,99.0,100.0,17.0,35.0,8.0,10.0,5.0,24.0,21.0,10.0,28.0,1.0,5.0,2.0,21.0,11.0,15.0,24.0,294.0,0.0,2.0,30.0,8.0,4.0,27.0,10.0,2.0,5.0,9.0,13.0,14.0,9.0,6.0,37.0,16.0,8.0,8.0,23.0,36.0,56.0,9.0,32.0,1145.0,10.0,3.0
2021-01-30,3.0,14.0,6.0,5.0,99.0,104.0,15.0,34.0,11.0,10.0,9.0,23.0,19.0,5.0,27.0,1.0,6.0,2.0,23.0,11.0,18.0,25.0,307.0,0.0,2.0,27.0,8.0,5.0,24.0,6.0,2.0,5.0,6.0,13.0,15.0,7.0,8.0,40.0,20.0,10.0,8.0,30.0,34.0,37.0,10.0,31.0,1139.0,6.0,2.0
2021-01-31,4.0,15.0,5.0,4.0,101.0,103.0,15.0,33.0,9.0,7.0,8.0,26.0,17.0,4.0,32.0,1.0,2.0,1.0,26.0,8.0,27.0,26.0,355.0,0.0,2.0,30.0,10.0,5.0,24.0,3.0,2.0,4.0,6.0,15.0,14.0,10.0,7.0,50.0,17.0,13.0,8.0,33.0,22.0,37.0,9.0,35.0,1195.0,8.0,2.0
2021-02-01,3.0,11.0,4.0,5.0,106.0,99.0,13.0,38.0,9.0,7.0,9.0,24.0,16.0,4.0,28.0,1.0,2.0,0.0,26.0,11.0,30.0,26.0,352.0,0.0,2.0,34.0,9.0,3.0,19.0,1.0,2.0,4.0,7.0,13.0,16.0,7.0,6.0,45.0,19.0,14.0,9.0,31.0,25.0,35.0,6.0,31.0,1171.0,8.0,1.0
2021-02-02,4.0,18.0,5.0,6.0,123.0,93.0,15.0,41.0,9.0,6.0,8.0,24.0,16.0,2.0,26.0,0.0,11.0,0.0,25.0,12.0,31.0,27.0,357.0,0.0,2.0,34.0,10.0,3.0,22.0,1.0,2.0,4.0,8.0,14.0,15.0,5.0,5.0,44.0,18.0,15.0,11.0,32.0,24.0,44.0,4.0,34.0,1216.0,6.0,0.0
2021-02-03,4.0,18.0,5.0,6.0,123.0,96.0,14.0,45.0,9.0,6.0,8.0,25.0,16.0,2.0,27.0,0.0,12.0,0.0,24.0,12.0,31.0,28.0,354.0,0.0,1.0,35.0,10.0,4.0,22.0,1.0,2.0,4.0,8.0,15.0,15.0,5.0,5.0,47.0,19.0,15.0,11.0,31.0,26.0,48.0,3.0,37.0,1236.0,7.0,0.0
2021-02-04,5.0,19.0,5.0,5.0,110.0,98.0,11.0,42.0,8.0,7.0,8.0,28.0,15.0,1.0,30.0,0.0,12.0,0.0,26.0,14.0,33.0,29.0,374.0,0.0,1.0,47.0,12.0,2.0,17.0,2.0,4.0,1.0,9.0,16.0,14.0,4.0,4.0,52.0,19.0,21.0,10.0,25.0,27.0,56.0,3.0,36.0,1269.0,7.0,0.0
2021-02-05,4.0,25.0,6.0,7.0,111.0,81.0,10.0,43.0,10.0,10.0,8.0,24.0,13.0,0.0,34.0,0.0,18.0,0.0,27.0,23.0,28.0,32.0,388.0,0.0,0.0,53.0,16.0,3.0,21.0,2.0,4.0,0.0,6.0,17.0,11.0,3.0,5.0,54.0,16.0,20.0,8.0,22.0,24.0,64.0,3.0,37.0,1297.0,6.0,0.0
2021-02-06,5.0,33.0,7.0,9.0,122.0,78.0,12.0,40.0,10.0,12.0,6.0,24.0,13.0,0.0,35.0,0.0,23.0,0.0,24.0,31.0,26.0,40.0,419.0,0.0,0.0,64.0,19.0,3.0,21.0,2.0,3.0,0.0,5.0,21.0,8.0,3.0,4.0,46.0,17.0,19.0,8.0,15.0,24.0,78.0,2.0,35.0,1372.0,6.0,0.0
2021-02-07,4.0,34.0,8.0,11.0,125.0,68.0,16.0,42.0,10.0,11.0,8.0,19.0,11.0,0.0,28.0,0.0,27.0,0.0,25.0,56.0,19.0,48.0,401.0,0.0,0.0,67.0,14.0,3.0,22.0,2.0,3.0,0.0,7.0,18.0,12.0,1.0,4.0,47.0,22.0,15.0,9.0,13.0,25.0,92.0,6.0,31.0,1390.0,6.0,0.0
2021-02-08,6.0,38.0,8.0,13.0,122.0,69.0,17.0,42.0,10.0,7.0,7.0,22.0,12.0,0.0,33.0,1.0,30.0,0.0,26.0,54.0,12.0,47.0,470.0,0.0,0.0,63.0,13.0,3.0,26.0,2.0,3.0,0.0,6.0,18.0,11.0,1.0,3.0,62.0,24.0,14.0,6.0,11.0,21.0,102.0,8.0,31.0,1479.0,5.0,0.0
2021-02-09,5.0,33.0,7.0,14.0,123.0,77.0,13.0,35.0,11.0,8.0,7.0,28.0,12.0,0.0,35.0,1.0,21.0,0.0,28.0,53.0,13.0,46.0,455.0,0.0,0.0,69.0,13.0,3.0,23.0,2.0,3.0,2.0,6.0,20.0,13.0,1.0,3.0,65.0,23.0,12.0,2.0,12.0,26.0,94.0,8.0,34.0,1464.0,5.0,0.0
2021-02-10,5.0,33.0,7.0,14.0,127.0,75.0,12.0,30.0,12.0,8.0,7.0,27.0,16.0,0.0,33.0,1.0,22.0,0.0,31.0,51.0,13.0,45.0,453.0,0.0,1.0,69.0,13.0,2.0,24.0,2.0,2.0,2.0,6.0,19.0,14.0,1.0,3.0,66.0,21.0,12.0,2.0,12.0,25.0,94.0,8.0,30.0,1454.0,4.0,0.0
2021-02-11,4.0,30.0,10.0,13.0,137.0,67.0,15.0,32.0,13.0,7.0,6.0,23.0,16.0,1.0,30.0,1.0,22.0,0.0,30.0,50.0,10.0,55.0,480.0,1.0,1.0,59.0,13.0,2.0,26.0,0.0,2.0,3.0,6.0,19.0,14.0,1.0,3.0,60.0,21.0,6.0,1.0,13.0,24.0,103.0,8.0,29.0,1472.0,5.0,0.0
2021-02-12,3.0,28.0,15.0,12.0,119.0,73.0,18.0,35.0,13.0,8.0,4.0,28.0,19.0,1.0,43.0,1.0,17.0,0.0,36.0,44.0,10.0,57.0,474.0,2.0,2.0,53.0,10.0,1.0,27.0,0.0,2.0,3.0,11.0,16.0,19.0,2.0,4.0,68.0,18.0,9.0,1.0,16.0,25.0,103.0,7.0,30.0,1493.0,6.0,0.0
2021-02-13,2.0,22.0,13.0,11.0,102.0,79.0,19.0,30.0,10.0,5.0,2.0,29.0,22.0,2.0,46.0,1.0,14.0,0.0,42.0,36.0,10.0,47.0,488.0,3.0,2.0,55.0,8.0,2.0,23.0,0.0,3.0,4.0,13.0,13.0,20.0,2.0,6.0,73.0,17.0,8.0,1.0,20.0,26.0,87.0,6.0,37.0,1468.0,6.0,1.0
2021-02-14,2.0,19.0,14.0,9.0,103.0,79.0,14.0,31.0,9.0,5.0,2.0,31.0,24.0,2.0,47.0,1.0,13.0,0.0,39.0,22.0,9.0,45.0,480.0,3.0,2.0,64.0,10.0,2.0,20.0,0.0,3.0,4.0,19.0,13.0,15.0,1.0,6.0,66.0,21.0,11.0,0.0,30.0,29.0,81.0,2.0,40.0,1448.0,5.0,1.0
2021-02-15,2.0,19.0,19.0,6.0,108.0,93.0,18.0,30.0,9.0,6.0,2.0,32.0,33.0,2.0,52.0,0.0,16.0,0.0,39.0,30.0,11.0,48.0,426.0,4.0,2.0,75.0,12.0,2.0,16.0,0.0,5.0,4.0,21.0,14.0,17.0,2.0,7.0,52.0,28.0,16.0,0.0,33.0,35.0,81.0,0.0,41.0,1474.0,5.0,1.0
2021-02-16,3.0,17.0,19.0,4.0,93.0,103.0,21.0,31.0,8.0,8.0,2.0,32.0,35.0,2.0,58.0,0.0,19.0,1.0,46.0,30.0,14.0,53.0,436.0,4.0,2.0,75.0,11.0,2.0,14.0,0.0,5.0,2.0,29.0,14.0,16.0,2.0,11.0,51.0,30.0,18.0,0.0,37.0,29.0,82.0,1.0,41.0,1517.0,5.0,1.0
2021-02-17,3.0,17.0,19.0,4.0,88.0,102.0,22.0,31.0,7.0,9.0,2.0,31.0,31.0,2.0,63.0,0.0,19.0,1.0,40.0,30.0,14.0,56.0,443.0,4.0,1.0,77.0,12.0,2.0,13.0,0.0,6.0,2.0,31.0,15.0,14.0,2.0,11.0,48.0,30.0,18.0,0.0,39.0,28.0,78.0,1.0,42.0,1514.0,5.0,1.0
2021-02-18,3.0,17.0,19.0,5.0,100.0,108.0,27.0,26.0,5.0,9.0,3.0,31.0,32.0,2.0,66.0,0.0,25.0,1.0,41.0,29.0,15.0,44.0,413.0,4.0,1.0,86.0,11.0,2.0,10.0,0.0,7.0,1.0,32.0,15.0,14.0,3.0,11.0,65.0,37.0,17.0,0.0,42.0,28.0,71.0,3.0,41.0,1527.0,4.0,1.0
2021-02-19,5.0,12.0,15.0,3.0,117.0,120.0,29.0,20.0,3.0,6.0,3.0,38.0,37.0,3.0,65.0,0.0,31.0,1.0,38.0,32.0,15.0,36.0,399.0,3.0,0.0,98.0,10.0,2.0,9.0,4.0,8.0,1.0,34.0,14.0,11.0,3.0,11.0,70.0,44.0,15.0,0.0,52.0,33.0,71.0,4.0,42.0,1571.0,3.0,1.0
2021-02-20,7.0,10.0,15.0,1.0,126.0,124.0,36.0,28.0,3.0,7.0,4.0,40.0,39.0,2.0,67.0,0.0,29.0,1.0,32.0,34.0,14.0,38.0,373.0,2.0,0.0,93.0,9.0,1.0,8.0,4.0,7.0,0.0,37.0,13.0,10.0,3.0,8.0,72.0,58.0,15.0,0.0,53.0,33.0,92.0,4.0,41.0,1596.0,3.0,0.0
2021-02-21,11.0,14.0,16.0,5.0,132.0,139.0,39.0,24.0,3.0,8.0,7.0,39.0,47.0,2.0,83.0,0.0,27.0,1.0,38.0,26.0,13.0,34.0,397.0,4.0,0.0,86.0,8.0,1.0,7.0,6.0,7.0,0.0,29.0,14.0,14.0,3.0,9.0,79.0,52.0,14.0,0.0,48.0,36.0,91.0,5.0,42.0,1662.0,2.0,0.0
2021-02-22,10.0,14.0,11.0,5.0,136.0,130.0,43.0,25.0,3.0,11.0,7.0,35.0,46.0,2.0,76.0,0.0,24.0,4.0,44.0,21.0,11.0,34.0,405.0,4.0,0.0,88.0,12.0,1.0,8.0,6.0,9.0,0.0,30.0,12.0,14.0,3.0,13.0,89.0,56.0,13.0,0.0,50.0,44.0,96.0,6.0,49.0,1702.0,2.0,0.0
2021-02-23,10.0,19.0,16.0,9.0,154.0,126.0,48.0,28.0,3.0,8.0,7.0,36.0,58.0,2.0,94.0,1.0,23.0,4.0,42.0,26.0,6.0,35.0,407.0,5.0,0.0,99.0,14.0,3.0,9.0,7.0,10.0,1.0,25.0,13.0,14.0,3.0,10.0,110.0,60.0,14.0,1.0,50.0,53.0,107.0,10.0,51.0,1835.0,4.0,0.0
2021-02-24,10.0,20.0,17.0,9.0,158.0,128.0,50.0,32.0,4.0,7.0,7.0,36.0,61.0,2.0,99.0,1.0,22.0,4.0,50.0,26.0,6.0,34.0,398.0,5.0,0.0,97.0,14.0,3.0,9.0,7.0,9.0,1.0,23.0,12.0,14.0,3.0,9.0,123.0,64.0,14.0,2.0,47.0,57.0,109.0,10.0,50.0,1867.0,4.0,0.0
2021-02-25,11.0,27.0,21.0,8.0,156.0,129.0,56.0,42.0,5.0,7.0,6.0,34.0,69.0,2.0,107.0,1.0,17.0,5.0,58.0,31.0,5.0,42.0,438.0,4.0,0.0,100.0,13.0,4.0,12.0,7.0,10.0,1.0,23.0,13.0,18.0,2.0,13.0,125.0,71.0,14.0,2.0,56.0,63.0,118.0,8.0,55.0,2013.0,4.0,0.0
2021-02-26,12.0,36.0,21.0,8.0,180.0,132.0,66.0,46.0,9.0,7.0,7.0,34.0,71.0,1.0,111.0,1.0,21.0,8.0,64.0,32.0,4.0,44.0,504.0,4.0,2.0,105.0,17.0,4.0,12.0,3.0,11.0,1.0,21.0,18.0,20.0,1.0,16.0,146.0,70.0,14.0,2.0,51.0,64.0,126.0,8.0,63.0,2202.0,4.0,0.0
2021-02-27,10.0,39.0,25.0,9.0,181.0,142.0,72.0,50.0,9.0,7.0,6.0,34.0,86.0,1.0,141.0,1.0,23.0,13.0,78.0,33.0,5.0,44.0,550.0,4.0,3.0,106.0,22.0,5.0,16.0,4.0,13.0,2.0,22.0,23.0,22.0,1.0,21.0,204.0,69.0,16.0,2.0,50.0,68.0,127.0,9.0,66.0,2438.0,4.0,0.0
2021-02-28,8.0,45.0,26.0,6.0,184.0,142.0,78.0,61.0,12.0,8.0,1.0,32.0,89.0,1.0,153.0,1.0,26.0,13.0,78.0,34.0,7.0,43.0,567.0,2.0,4.0,117.0,25.0,5.0,19.0,2.0,16.0,3.0,22.0,25.0,20.0,2.0,21.0,216.0,72.0,19.0,3.0,47.0,71.0,139.0,9.0,68.0,2545.0,3.0,0.0
2021-03-01,12.0,48.0,34.0,8.0,206.0,155.0,102.0,62.0,12.0,6.0,4.0,34.0,88.0,4.0,163.0,1.0,28.0,15.0,73.0,45.0,6.0,39.0,615.0,1.0,8.0,105.0,29.0,6.0,26.0,2.0,13.0,6.0,20.0,30.0,24.0,2.0,22.0,224.0,81.0,18.0,3.0,47.0,75.0,158.0,12.0,72.0,2747.0,3.0,0.0
2021-03-02,12.0,50.0,29.0,10.0,191.0,159.0,100.0,63.0,14.0,6.0,5.0,31.0,81.0,4.0,165.0,0.0,29.0,14.0,76.0,41.0,10.0,38.0,623.0,0.0,9.0,97.0,27.0,5.0,31.0,1.0,15.0,5.0,22.0,31.0,31.0,2.0,22.0,224.0,80.0,25.0,2.0,43.0,77.0,152.0,7.0,70.0,2730.0,1.0,0.0
2021-03-03,12.0,50.0,28.0,10.0,191.0,165.0,98.0,64.0,14.0,6.0,5.0,32.0,94.0,4.0,181.0,2.0,28.0,16.0,84.0,40.0,10.0,39.0,651.0,0.0,9.0,100.0,26.0,7.0,31.0,1.0,19.0,5.0,22.0,33.0,32.0,2.0,22.0,253.0,77.0,28.0,1.0,44.0,77.0,157.0,8.0,81.0,2860.0,1.0,0.0
2021-03-04,12.0,49.0,31.0,10.0,200.0,166.0,96.0,58.0,15.0,6.0,5.0,37.0,91.0,4.0,196.0,3.0,28.0,16.0,77.0,39.0,9.0,34.0,671.0,0.0,32.0,97.0,29.0,8.0,36.0,2.0,18.0,5.0,23.0,32.0,34.0,4.0,21.0,260.0,77.0,30.0,2.0,37.0,79.0,150.0,8.0,85.0,2923.0,0.0,1.0
2021-03-05,10.0,57.0,37.0,11.0,202.0,184.0,102.0,73.0,12.0,8.0,4.0,36.0,101.0,6.0,211.0,7.0,20.0,18.0,83.0,48.0,14.0,31.0,694.0,0.0,36.0,92.0,39.0,14.0,38.0,2.0,18.0,5.0,25.0,33.0,34.0,4.0,24.0,248.0,88.0,34.0,3.0,39.0,102.0,168.0,9.0,84.0,3109.0,0.0,1.0
